Paciente;Diagnóstico Esperado
1;Síndrome Coronariana Aguda
2;Infarto Agudo do Miocárdio
3;Síndrome Coronariana Aguda
4;Angina Instável
5;Insuficiência Cardíaca
6;Hipertensão Arterial
7;Insuficiência Cardíaca
8;Infarto Agudo do Miocárdio
9;Hipertensão Arterial
10;Insuficiência Cardíaca
11;Infarto Agudo do Miocárdio
12;Arritmia Cardíaca
13;Angina Estável
14;Crise Hipertensiva
15;Insuficiência Cardíaca
16;Miocardite
17;Pericardite
18;Estenose Aórtica
19;Fibrilação Atrial
20;Infarto Agudo do Miocárdio
21;Estenose Aórtica
22;Hipertensão Arterial
23;Arritmia Cardíaca
24;Síndrome Coronariana Aguda
25;Insuficiência Cardíaca
26;Crise Hipertensiva
27;Arritmia Cardíaca
28;Miocardite
29;Infarto Agudo do Miocárdio
30;Crise Hipertensiva
