Expressão;Sintoma
dor no peito;dor no peito
dor torácica;dor no peito
dor no tórax;dor no peito
aperto no peito;dor no peito
aperto no tórax;dor no peito
peso no peito;dor no peito
pressão no peito;dor no peito
queimação no peito;dor no peito
peito doendo;dor no peito
falta de ar;falta de ar
dificuldade para respirar;falta de ar
falta de fôlego;falta de ar
sem fôlego;falta de ar
respiração curta;falta de ar
dispneia;falta de ar
desconforto no estômago;desconforto no estômago
dor no estômago;desconforto no estômago
queimação no estômago;desconforto no estômago
mal-estar no estômago;desconforto no estômago
enjoo;desconforto no estômago
náusea;desconforto no estômago
desmaio;desmaio
desmaiei;desmaio
desmaiar;desmaio
perdi a consciência;desmaio
síncope;desmaio
apaguei;desmaio
pernas inchadas;pernas inchadas
inchaço nas pernas;pernas inchadas
pés inchados;pernas inchadas
tornozelos inchados;pernas inchadas
inchaço nos tornozelos;pernas inchadas
pressão alta;pressão alta
hipertensão;pressão alta
pressão elevada;pressão alta
pressão subiu;pressão alta
dor de cabeça;dor de cabeça
cefaleia;dor de cabeça
dor na nuca;dor de cabeça
cansaço extremo;cansaço extremo
cansaço constante;cansaço extremo
fadiga;cansaço extremo
exaustão;cansaço extremo
exausto;cansaço extremo
exausta;cansaço extremo
sem energia;cansaço extremo
fraqueza;cansaço extremo
palpitação;palpitação
palpitações;palpitação
coração acelerado;palpitação
coração disparado;palpitação
coração dispara;palpitação
batimentos irregulares;palpitação
taquicardia;palpitação
tontura;tontura
tonto;tontura
tonta;tontura
vertigem;tontura
zonzo;tontura
zonza;tontura
suor frio;suor frio
suando frio;suor frio
sudorese;suor frio
dor no braço esquerdo;dor no braço esquerdo
irradia para o braço;dor no braço esquerdo
formigamento no braço esquerdo;dor no braço esquerdo
dor que desce pelo braço;dor no braço esquerdo
febre;febre
febril;febre
temperatura alta;febre
piora ao deitar;piora ao deitar
piora quando deito;piora ao deitar
piora quando me deito;piora ao deitar
dói mais deitado;piora ao deitar
visão turva;visão turva
visão embaçada;visão turva
vista embaçada;visão turva
falta de ar ao deitar;falta de ar ao deitar
não consigo dormir deitado;falta de ar ao deitar
acordo sem ar;falta de ar ao deitar
acordo sufocado;falta de ar ao deitar
travesseiros para respirar;falta de ar ao deitar
piora com esforço;piora com esforço
faço esforço;piora com esforço
ao fazer esforço;piora com esforço
esforço físico;piora com esforço
subir escadas;piora com esforço
subir a escada;piora com esforço
subo escadas;piora com esforço
quando caminho;piora com esforço
