Paciente;Relato;Sintomas Identificados;Diagnostico Sugerido
Paciente 1;Há dois dias estou com uma dor no peito muito forte e sinto falta de ar quando tento caminhar pela casa.;falta de ar, dor no peito;Angina Instável, Síndrome Coronariana Aguda, Infarto Agudo do Miocárdio, Insuficiência Cardíaca
Paciente 2;Comecei a sentir muita falta de ar ontem à noite e um desconforto no estômago que não passa, me impedindo de dormir.;falta de ar, desconforto no estômago;Angina Instável, Síndrome Coronariana Aguda, Infarto Agudo do Miocárdio, Insuficiência Cardíaca
Paciente 3;Hoje de manhã tive uma dor no peito que me deu um desmaio rápido, me obrigando a vir para a emergência.;desmaio, dor no peito;Angina Instável, Síndrome Coronariana Aguda, Infarto Agudo do Miocárdio
Paciente 4;Sinto que vou ter um desmaio toda vez que levanto rápido e a falta de ar me deixa sem energia para o trabalho.;falta de ar, desmaio;Angina Instável, Síndrome Coronariana Aguda, Infarto Agudo do Miocárdio, Insuficiência Cardíaca
Paciente 5;Nas últimas semanas minha falta de ar piorou muito e percebi as pernas inchadas, não conseguindo calçar meus sapatos.;falta de ar, pernas inchadas;Angina Instável, Síndrome Coronariana Aguda, Infarto Agudo do Miocárdio, Insuficiência Cardíaca
Paciente 6;Fui medir e minha pressão alta não baixa de jeito nenhum, me dando uma dor de cabeça que atrapalha meu raciocínio.;dor de cabeça, pressão alta;Hipertensão Arterial
Paciente 7;Sinto um cansaço extremo há meses e agora com as pernas inchadas não consigo mais subir as escadas do prédio.;pernas inchadas, cansaço extremo;Hipertensão Arterial, Insuficiência Cardíaca
Paciente 8;Desde ontem sinto dor no peito acompanhada de desconforto no estômago, o que me fez cancelar todas as reuniões de hoje.;desconforto no estômago, dor no peito;Síndrome Coronariana Aguda, Infarto Agudo do Miocárdio
Paciente 9;Tenho histórico de pressão alta e hoje acordei com um cansaço extremo, sem força sequer para levantar da cama.;cansaço extremo, pressão alta;Hipertensão Arterial, Insuficiência Cardíaca
Paciente 10;Sempre que faço esforço sinto falta de ar e um cansaço extremo, precisando parar tudo o que estou fazendo para descansar.;falta de ar, cansaço extremo;Hipertensão Arterial, Síndrome Coronariana Aguda, Infarto Agudo do Miocárdio, Angina Instável, Insuficiência Cardíaca
