frase,situacao
dor no peito em aperto que começou de repente e irradia para o braço esquerdo,alto risco
acordei com falta de ar severa e sinto que vou desmaiar,alto risco
tive um desmaio repentino e agora meu peito está doendo muito,alto risco
dor torácica intensa acompanhada de suor frio e náusea extrema,alto risco
"minha pressão está 22 por 14, estou com dor de cabeça forte e visão dupla",alto risco
sensação de peso no peito com falta de ar que piora ao deitar,alto risco
"coração acelerado demais, tontura e dor no centro do peito",alto risco
dor no peito que queima e se espalha para a mandíbula,alto risco
"falta de ar súbita, tosse com sangue e pontada no peito ao respirar",alto risco
"fraqueza súbita em um lado do corpo, fala enrolada e pressão muito alta",alto risco
dor no peito contínua há mais de 30 minutos que não melhora com repouso,alto risco
síncope durante esforço físico e agora sinto um aperto torácico,alto risco
"desconforto forte na boca do estômago, falta de ar e suor frio",alto risco
"pressão alta incontrolável, falta de ar e pernas muito inchadas",alto risco
"palpitações violentas, sensação de morte iminente e dor no peito",alto risco
dor no peito que piora quando aperto o local com o dedo,baixo risco
sinto uma fisgada nas costelas apenas quando tusso ou me viro na cama,baixo risco
"minha pressão está 14 por 9, vim apenas renovar a receita do remédio",baixo risco
"dor de cabeça fraca desde ontem, sem alterações na visão ou pressão",baixo risco
"azia no estômago depois de comer fritura, peito não dói",baixo risco
cansaço crônico nas pernas depois de trabalhar em pé o dia inteiro,baixo risco
"tive um episódio de ansiedade ontem, o coração acelerou mas já passou",baixo risco
dor no ombro direito depois de jogar tênis no fim de semana,baixo risco
dor muscular nas costas que melhora quando tomo anti-inflamatório,baixo risco
"inchaço leve nos tornozelos no fim do dia, sem falta de ar",baixo risco
"tosse seca há uma semana, garganta doendo um pouco, sem febre",baixo risco
"dor de cabeça tensional no fim do expediente, pressão arterial normal",baixo risco
desconforto leve no pescoço por dormir numa posição ruim,baixo risco
pequena mancha vermelha na pele do braço que coça um pouco,baixo risco
"dor no joelho ao caminhar muito, mas o resto do corpo está bem",baixo risco
