Sintoma 1;Sintoma 2;Doença Associada
dor no peito;falta de ar;Síndrome Coronariana Aguda
falta de ar;desconforto no estômago;Infarto Agudo do Miocárdio
dor no peito;desmaio;Síndrome Coronariana Aguda
desmaio;falta de ar;Angina Instável
falta de ar;pernas inchadas;Insuficiência Cardíaca
pressão alta;dor de cabeça;Hipertensão Arterial
cansaço extremo;pernas inchadas;Insuficiência Cardíaca
dor no peito;desconforto no estômago;Infarto Agudo do Miocárdio
pressão alta;cansaço extremo;Hipertensão Arterial
falta de ar;cansaço extremo;Insuficiência Cardíaca
